order_date,Actual_Orders,SARIMAX,LightGBM,Ensemble
2025-03-04,10043,9851,9861,9856
2025-03-05,10390,9438,10676,10057
2025-03-06,10127,9574,10453,10013
2025-03-07,9202,8430,8619,8525
2025-03-08,1139,1623,1287,1455
2025-03-09,473,929,413,671
2025-03-10,8923,8742,8502,8622
2025-03-11,10215,9738,10317,10028
2025-03-12,10494,9495,10192,9843
2025-03-13,9027,9539,10225,9882
2025-03-14,2678,8392,8342,8367
2025-03-15,923,1700,901,1300
2025-03-16,456,1004,573,788
2025-03-17,8800,8739,9106,8923
2025-03-18,10295,9743,9968,9856
2025-03-19,10541,9519,9449,9484
2025-03-20,10452,9553,10580,10067
2025-03-21,8747,8405,9455,8930
2025-03-22,1160,1726,1175,1450
2025-03-23,473,1030,448,739
2025-03-24,9101,8757,8713,8735
2025-03-25,10328,9761,10079,9920
2025-03-26,10695,9540,9969,9754
2025-03-27,9428,9572,9779,9676
2025-03-28,7642,8425,8374,8399
2025-03-29,1095,1746,1175,1461
2025-03-30,398,1050,415,733
2025-03-31,2641,8776,7909,8343
