order_date,order_count,daily_revenue,active_diners,daily_aov
2024-04-01,7516,519553.0,1292,69.13
2024-04-02,9145,623721.0,1573,68.2
2024-04-03,8914,628260.75,1488,70.48
2024-04-04,8881,611454.75,1582,68.85
2024-04-05,7800,557779.05,1251,71.51
2024-04-06,923,48496.0,74,52.54
2024-04-07,386,20605.0,34,53.38
2024-04-08,8391,593628.75,1487,70.75
2024-04-09,3082,186514.45,419,60.52
2024-04-10,8489,594628.2,1490,70.05
2024-04-11,3240,199239.75,392,61.49
2024-04-12,7338,516031.7,1205,70.32
2024-04-13,894,48241.0,70,53.96
2024-04-14,369,18730.0,23,50.76
2024-04-15,8786,618928.85,1589,70.44
2024-04-16,9524,700599.0,1644,73.56
2024-04-17,8748,624760.75,1156,71.42
2024-04-18,9323,665946.4,1544,71.43
2024-04-19,8474,611113.7,1377,72.12
2024-04-20,919,49814.0,81,54.2
2024-04-21,384,18800.0,27,48.96
2024-04-22,8932,623729.6,1647,69.83
2024-04-23,9919,694108.35,1721,69.98
2024-04-24,10339,828897.1,1844,80.17
2024-04-25,9214,660243.65,1623,71.66
2024-04-26,8317,614945.8,1368,73.94
2024-04-27,845,48294.0,92,57.15
2024-04-28,384,20630.0,34,53.72
2024-04-29,8835,619043.4,1577,70.07
2024-04-30,9255,664680.0,1661,71.82
2024-05-01,3317,201997.25,472,60.9
2024-05-02,9589,676543.5,1666,70.55
2024-05-03,6561,509074.55,1130,77.59
2024-05-04,797,44004.0,88,55.21
2024-05-05,313,15544.0,35,49.66
2024-05-06,9712,676021.4,1691,69.61
2024-05-07,9818,672283.3,1811,68.47
2024-05-08,9871,706456.95,1771,71.57
2024-05-09,9432,649640.7,1723,68.88
2024-05-10,7932,576521.25,1323,72.68
2024-05-11,1109,64788.0,90,58.42
2024-05-12,257,14040.0,33,54.63
2024-05-13,8932,617009.0,1630,69.08
2024-05-14,9608,683496.1,1770,71.14
2024-05-15,9706,694948.5,1828,71.6
2024-05-16,9732,702546.6,1823,72.19
2024-05-17,8060,591531.7,1406,73.39
2024-05-18,918,52087.0,105,56.74
2024-05-19,450,23125.0,41,51.39
2024-05-20,96,4730.0,17,49.27
2024-05-21,9272,671928.0,1771,72.47
2024-05-22,9905,718882.9,1912,72.58
2024-05-23,9381,892733.2,1706,95.16
2024-05-24,8621,642167.2,1559,74.49
2024-05-25,870,52889.0,110,60.79
2024-05-26,367,19258.0,48,52.47
2024-05-27,7594,542130.5,1452,71.39
2024-05-28,11511,823565.4,2141,71.55
2024-05-29,10621,793408.35,2173,74.7
2024-05-30,9962,721361.15,2058,72.41
2024-05-31,8279,625645.0,1451,75.57
2024-06-01,980,54130.45,103,55.24
2024-06-02,356,18868.0,41,53.0
2024-06-03,8874,623179.0,1829,70.23
2024-06-04,8841,644367.85,1617,72.88
2024-06-05,10662,779117.6,2139,73.07
2024-06-06,10594,749234.0,2061,70.72
2024-06-07,8731,634522.25,1627,72.67
2024-06-08,1062,60246.0,121,56.73
2024-06-09,414,23935.0,45,57.81
2024-06-10,8749,615064.45,1631,70.3
2024-06-11,9882,686865.1,1815,69.51
2024-06-12,9949,714868.4,1971,71.85
2024-06-13,9890,706729.25,2001,71.46
2024-06-14,8097,599547.45,1493,74.05
2024-06-15,1094,67490.75,121,61.69
2024-06-16,430,23700.0,40,55.12
2024-06-17,8233,568329.0,1758,69.03
2024-06-18,10031,685160.75,2065,68.3
2024-06-19,8722,621306.5,1675,71.23
2024-06-20,11109,812567.6,2158,73.14
2024-06-21,9081,654121.85,1997,72.03
2024-06-22,816,46551.0,112,57.05
2024-06-23,150,9565.0,21,63.77
2024-06-24,8821,603921.3,1974,68.46
2024-06-25,9774,669044.7,2176,68.45
2024-06-26,9986,708900.0,2226,70.99
2024-06-27,9540,675693.45,2015,70.83
2024-06-28,8154,595299.3,1679,73.01
2024-06-29,1155,63022.0,162,54.56
2024-06-30,331,18794.75,55,56.78
2024-07-01,8723,600430.5,2060,68.83
2024-07-02,10090,684107.5,2326,67.8
2024-07-03,10149,699123.25,2393,68.89
2024-07-04,8996,631356.5,2021,70.18
2024-07-05,8435,609065.25,1830,72.21
2024-07-06,1260,67383.0,178,53.48
2024-07-07,413,23162.0,52,56.08
2024-07-08,8054,541327.9,1816,67.21
2024-07-09,9282,628214.6,2242,67.68
2024-07-10,10040,726023.3,2485,72.31
2024-07-11,9871,1466206.5,2483,148.54
2024-07-12,8152,928264.2,1941,113.87
2024-07-13,1090,58552.9,186,53.72
2024-07-14,379,20811.0,58,54.91
2024-07-15,8732,598341.5,2252,68.52
2024-07-16,10131,693847.05,2694,68.49
2024-07-17,9714,663779.95,2575,68.33
2024-07-18,9729,702291.2,2589,72.19
2024-07-19,8466,622514.0,2165,73.53
2024-07-20,1209,69689.0,291,57.64
2024-07-21,449,25756.55,95,57.36
2024-07-22,8469,575972.25,2304,68.01
2024-07-23,10263,703671.25,2774,68.56
2024-07-24,9873,773182.45,2759,78.31
2024-07-25,7977,559519.95,2106,70.14
2024-07-26,8375,599282.55,2203,71.56
2024-07-27,1075,59001.5,235,54.89
2024-07-28,327,19838.0,79,60.67
2024-07-29,9228,617667.95,2605,66.93
2024-07-30,9848,680709.75,2653,69.12
2024-07-31,9714,665997.2,2636,68.56
2024-08-01,10217,701543.4,2767,68.66
2024-08-02,8690,624762.95,2291,71.89
2024-08-03,1077,59114.0,193,54.89
2024-08-04,502,29109.45,97,57.99
2024-08-05,8938,610460.95,2446,68.3
2024-08-06,9802,686532.95,2659,70.04
2024-08-07,10932,1093849.25,3137,100.06
2024-08-08,10348,1340999.7,2926,129.59
2024-08-09,8446,624211.35,2366,73.91
2024-08-10,1023,55620.7,257,54.37
2024-08-11,339,18460.0,80,54.45
2024-08-12,9067,603113.0,2722,66.52
2024-08-13,9931,657349.3,2916,66.19
2024-08-14,9025,633066.2,2618,70.15
2024-08-15,3017,173513.75,737,57.51
2024-08-16,6359,442649.35,1788,69.61
2024-08-17,963,50853.0,206,52.81
2024-08-18,357,18653.0,97,52.25
2024-08-19,6107,459578.35,1728,75.25
2024-08-20,9457,687963.3,2836,72.75
2024-08-21,9767,724750.85,2872,74.2
2024-08-22,9648,777377.45,2737,80.57
2024-08-23,8827,625343.0,2563,70.84
2024-08-24,1045,55898.0,258,53.49
2024-08-25,376,20206.0,89,53.74
2024-08-26,8037,529413.45,2430,65.87
2024-08-27,9142,623583.5,2766,68.21
2024-08-28,9771,683366.5,2964,69.94
2024-08-29,9506,660726.0,2813,69.51
2024-08-30,8489,615438.5,2533,72.5
2024-08-31,999,52947.0,251,53.0
2024-09-01,355,18255.0,99,51.42
2024-09-02,8227,554480.2,2457,67.4
2024-09-03,10045,679797.75,3064,67.68
2024-09-04,10213,722827.3,3133,70.78
2024-09-05,10012,696119.8,3016,69.53
2024-09-06,7440,532025.3,2122,71.51
2024-09-07,979,52218.0,262,53.34
2024-09-08,379,18673.25,95,49.27
2024-09-09,8160,595245.4,2480,72.95
2024-09-10,8431,618649.3,2704,73.38
2024-09-11,8438,585783.65,2660,69.42
2024-09-12,8837,642437.8,2619,72.7
2024-09-13,8029,579277.6,2418,72.15
2024-09-14,793,41890.0,232,52.82
2024-09-15,488,25091.75,121,51.42
2024-09-16,8846,600910.95,2856,67.93
2024-09-17,8214,556493.5,2388,67.75
2024-09-18,10219,703996.9,3201,68.89
2024-09-19,10167,712385.3,3198,70.07
2024-09-20,9258,653506.05,2794,70.59
2024-09-21,1048,54735.0,291,52.23
2024-09-22,418,21532.0,111,51.51
2024-09-23,9140,682483.35,2899,74.67
2024-09-24,10377,719551.4,3147,69.34
2024-09-25,10516,760517.6,3179,72.32
2024-09-26,8158,571478.45,2417,70.05
2024-09-27,8426,614512.95,2558,72.93
2024-09-28,1042,56363.0,309,54.09
2024-09-29,343,18506.0,101,53.95
2024-09-30,8996,641033.5,2924,71.26
2024-10-01,10188,712356.1,3225,69.92
2024-10-02,3765,232665.2,1116,61.8
2024-10-03,10042,677087.0,3172,67.43
2024-10-04,9171,642538.25,2810,70.06
2024-10-05,650,36632.0,259,56.36
2024-10-06,8,100.0,7,12.5
2024-10-07,9067,654740.25,2960,72.21
2024-10-08,10181,692566.3,3420,68.03
2024-10-09,10805,749666.4,3522,69.38
2024-10-10,9790,696172.65,3093,71.11
2024-10-11,7683,544869.05,2340,70.92
2024-10-12,925,50581.0,308,54.68
2024-10-13,404,21500.0,108,53.22
2024-10-14,9004,611216.75,2989,67.88
2024-10-15,10410,722011.9,3404,69.36
2024-10-16,9774,800472.4,3304,81.9
2024-10-17,10206,722975.0,3351,70.84
2024-10-18,8743,631182.0,2839,72.19
2024-10-19,1130,59449.5,350,52.61
2024-10-20,374,19820.0,116,52.99
2024-10-21,8797,607897.05,2949,69.1
2024-10-22,10163,1000936.4,3380,98.49
2024-10-23,9582,697572.95,3076,72.8
2024-10-24,9533,665471.7,3100,69.81
2024-10-25,7904,577406.3,2507,73.05
2024-10-26,1052,57146.25,359,54.32
2024-10-27,347,18643.0,98,53.73
2024-10-28,7667,532680.1,2524,69.48
2024-10-29,7776,557664.95,2475,71.72
2024-10-30,7134,534895.9,2285,74.98
2024-10-31,4247,322398.75,1254,75.91
2024-11-01,1955,115863.55,576,59.27
2024-11-02,720,37257.0,216,51.75
2024-11-03,323,17065.0,96,52.83
2024-11-04,7264,480584.95,2468,66.16
2024-11-05,8854,595846.25,2920,67.3
2024-11-06,9135,636421.15,3030,69.67
2024-11-07,8810,642880.3,1977,72.97
2024-11-08,7691,569155.2,1523,74.0
2024-11-09,1250,69586.85,213,55.67
2024-11-10,567,31988.75,79,56.42
2024-11-11,7706,651822.7,1732,84.59
2024-11-12,9377,631844.85,2305,67.38
2024-11-13,9539,654853.9,2613,68.65
2024-11-14,9287,931241.5,3084,100.27
2024-11-15,6194,464605.9,2163,75.01
2024-11-16,1148,62486.9,395,54.43
2024-11-17,478,23553.0,132,49.27
2024-11-18,8613,611133.4,2940,70.95
2024-11-19,9229,614743.15,3208,66.61
2024-11-20,706,41523.0,299,58.81
2024-11-21,8400,667055.65,2608,79.41
2024-11-22,8148,576985.05,2284,70.81
2024-11-23,1191,69168.75,363,58.08
2024-11-24,455,25767.5,121,56.63
2024-11-25,8116,538857.15,2389,66.39
2024-11-26,9190,1308818.45,2842,142.42
2024-11-27,9212,617391.0,2845,67.02
2024-11-28,8050,721251.1,2477,89.6
2024-11-29,7912,435319.15,2155,55.02
2024-11-30,1040,44616.35,320,42.9
2024-12-01,416,18112.9,117,43.54
2024-12-02,8917,669250.66,2704,75.05
2024-12-03,9683,723851.12,3004,74.75
2024-12-04,9832,599453.34,3023,60.97
2024-12-05,8784,567904.05,2752,64.65
2024-12-06,7877,562035.4,2305,71.35
2024-12-07,1132,61512.95,381,54.34
2024-12-08,453,23581.0,124,52.06
2024-12-09,8159,960614.12,2518,117.74
2024-12-10,9056,1315921.35,2721,145.31
2024-12-11,8749,592358.9,2695,67.71
2024-12-12,8574,775626.27,2598,90.46
2024-12-13,7134,505326.25,2198,70.83
2024-12-14,1032,59572.45,305,57.73
2024-12-15,359,18662.0,91,51.98
2024-12-16,8099,528756.1,2501,65.29
2024-12-17,8819,594078.3,2745,67.36
2024-12-18,8430,562195.18,2570,66.69
2024-12-19,7480,510466.4,2280,68.24
2024-12-20,6109,421171.8,1765,68.94
2024-12-21,1034,57331.95,317,55.45
2024-12-22,371,18732.75,102,50.49
2024-12-23,5170,333463.8,1574,64.5
2024-12-24,5331,351910.75,1516,66.01
2024-12-25,817,48285.9,276,59.1
2024-12-26,3647,238641.14,1078,65.43
2024-12-27,3845,258754.65,1076,67.3
2024-12-28,846,43694.75,239,51.65
2024-12-29,325,17066.0,74,52.51
2024-12-30,4398,280386.18,1337,63.75
2024-12-31,2977,179787.39,863,60.39
2025-01-01,3001,191977.2,929,63.97
2025-01-02,8130,513034.99,2732,63.1
2025-01-03,7864,503187.38,2635,63.99
2025-01-04,1260,67231.0,381,53.36
2025-01-05,391,21931.0,116,56.09
2025-01-06,8906,594481.0,2872,66.75
2025-01-07,9791,654413.0,3086,66.84
2025-01-08,9687,669739.0,3165,69.14
2025-01-09,9790,719055.5,3060,73.45
2025-01-10,8658,624889.0,2629,72.17
2025-01-11,1295,74872.0,390,57.82
2025-01-12,433,23304.0,138,53.82
2025-01-13,8510,567658.0,2597,66.7
2025-01-14,3407,197227.0,967,57.89
2025-01-15,10291,720663.0,3187,70.03
2025-01-16,10297,776144.0,3103,75.38
2025-01-17,9053,618388.0,2648,68.31
2025-01-18,1287,71031.0,381,55.19
2025-01-19,455,24688.0,119,54.26
2025-01-20,8920,607584.0,2425,68.11
2025-01-21,10824,724861.0,2971,66.97
2025-01-22,11355,813421.0,3216,71.64
2025-01-23,9981,680601.0,2812,68.19
2025-01-24,8296,586378.0,2306,70.68
2025-01-25,1015,56971.0,289,56.13
2025-01-26,450,21291.0,116,47.31
2025-01-27,9149,629594.0,2247,68.82
2025-01-28,10308,710748.0,2587,68.95
2025-01-29,10109,716429.0,2639,70.87
2025-01-30,10195,708585.25,2710,69.5
2025-01-31,8717,623138.0,2347,71.49
2025-02-01,1267,67385.0,311,53.18
2025-02-02,439,23051.0,99,52.51
2025-02-03,9256,614335.0,2546,66.37
2025-02-04,10074,679596.0,2819,67.46
2025-02-05,10389,760465.0,2850,73.2
2025-02-06,10303,708704.0,2795,68.79
2025-02-07,8383,581035.0,2274,69.31
2025-02-08,1361,77609.0,330,57.02
2025-02-09,555,29879.0,129,53.84
2025-02-10,9188,614041.0,2576,66.83
2025-02-11,10374,707527.0,3000,68.2
2025-02-12,10466,804660.0,2904,76.88
2025-02-13,10104,746429.0,2828,73.87
2025-02-14,8426,597923.0,2240,70.96
2025-02-15,1192,65609.0,309,55.04
2025-02-16,425,22109.0,93,52.02
2025-02-17,7834,587736.0,2297,75.02
2025-02-18,9730,726029.0,2858,74.62
2025-02-19,10097,818040.0,2914,81.02
2025-02-20,10083,756420.0,2831,75.02
2025-02-21,8614,657227.0,2389,76.3
2025-02-22,1155,71180.0,303,61.63
2025-02-23,390,22973.0,95,58.91
2025-02-24,8653,649971.0,2536,75.12
2025-02-25,10343,783360.0,3006,75.74
2025-02-26,8852,645601.0,2559,72.93
2025-02-27,9972,767735.0,2959,76.99
2025-02-28,8914,709900.0,2678,79.64
2025-03-01,1085,65212.0,316,60.1
2025-03-02,407,22937.0,98,56.36
2025-03-03,8925,676189.0,2721,75.76
2025-03-04,10043,736979.0,2947,73.38
2025-03-05,10390,866647.0,3003,83.41
2025-03-06,10127,764058.0,2895,75.45
2025-03-07,9202,717370.0,2649,77.96
2025-03-08,1139,74115.0,305,65.07
2025-03-09,473,26503.0,103,56.03
2025-03-10,8923,636999.0,2541,71.39
2025-03-11,10215,755266.0,2989,73.94
2025-03-12,10494,864626.0,2834,82.39
2025-03-13,9027,690394.0,2290,76.48
2025-03-14,2678,170206.0,623,63.56
2025-03-15,923,51849.0,228,56.17
2025-03-16,456,23361.0,111,51.23
2025-03-17,8800,642415.0,2468,73.0
2025-03-18,10295,772086.0,2814,75.0
2025-03-19,10541,802309.0,2829,76.11
2025-03-20,10452,787393.0,2759,75.33
2025-03-21,8747,677108.0,2390,77.41
2025-03-22,1160,68597.0,290,59.14
2025-03-23,473,25142.0,111,53.15
2025-03-24,9101,667593.0,2606,73.35
2025-03-25,10328,774070.0,2871,74.95
2025-03-26,10695,820659.0,2848,76.73
2025-03-27,9428,710854.0,2598,75.4
2025-03-28,7642,606202.0,2062,79.33
2025-03-29,1095,65635.0,283,59.94
2025-03-30,398,22178.0,94,55.72
2025-03-31,2641,159471.0,703,60.38
