order_hour,total_orders,total_revenue,aov
0,113513,5968037.07,52.58
1,107385,5427951.03,50.55
2,88755,4670750.52,52.63
3,52912,2755246.85,52.07
4,34116,1608585.31,47.15
5,19781,652397.45,32.98
6,15405,480431.69,31.19
7,66468,4166176.45,62.68
8,105965,4949951.67,46.71
9,172331,7776354.53,45.12
10,205264,9263828.98,45.13
11,106972,4953424.01,46.31
12,250989,20092997.2,80.06
13,722134,63504321.1,87.94
14,485767,41737542.74,85.92
15,203437,13070094.4,64.25
16,628061,40026420.86,63.73
17,719940,39369943.77,54.69
18,513696,28435116.84,55.35
19,188559,12235394.88,64.89
20,390659,33442058.49,85.6
21,396137,34784087.43,87.81
22,277368,24035393.47,86.66
23,95391,7654235.94,80.24
