order_month,total_orders,total_revenue,active_users,aov
2024-04,420210,28024434.22,19085,66.69
2024-05,464644,31687560.95,19844,68.2
2024-06,431484,28849547.97,20180,66.86
2024-07,497829,34211616.14,22110,68.72
2024-08,459380,31860485.06,22710,69.36
2024-09,450445,32187988.94,24724,71.46
2024-10,553625,37167379.55,29625,67.13
2024-11,488182,33858764.35,29127,69.36
2024-12,446645,28800469.48,28006,64.48
2025-01,598331,41672290.22,30355,69.65
2025-02,558939,39392116.8,30254,70.48
2025-03,574176,42154660.0,30397,73.42
2025-04,17115,1193429.0,7382,69.73
