payment_mode,total_orders,total_revenue,order_pct,aov
paytm,1867852,117021871.43,31.33,62.65
Upi,1119185,83184083.0,18.78,74.33
Paytm,511323,36139594.65,8.58,70.68
cca,478503,32212555.57,8.03,67.32
Cash,445616,25660378.0,7.48,57.58
QR,387085,18433983.45,6.49,47.62
razorpay,370666,25844807.79,6.22,69.73
Card,233797,24779893.0,3.92,105.99
Razorpay,186940,12900251.77,3.14,69.01
UPI,155745,19187557.5,2.61,123.2
CCA,85345,5997878.3,1.43,70.28
Unknown,84958,5276587.22,1.43,62.11
card,33328,4367409.0,0.56,131.04
mode of transaction,662,53892.0,0.01,81.41
