dish_name,order_count,total_quantity_sold,avg_unit_price,estimated_revenue
Ginger Tea,540777,753840.0,15.24,11484386.0
Regular Tea,244617,324343.0,15.25,4946941.0
Reboot Chai,156264,207589.0,15.41,3196818.0
Bombay Cutting Chai (cutting glass),118792,158011.0,15.44,2437944.0
Filter Kaapi,127893,155577.0,18.26,2839510.0
Veg Meal Combo,123365,128259.0,55.41,7106600.0
Irani Chai,85590,118115.0,20.52,2422137.0
Monday Morning Tea,76851,108662.0,15.51,1684690.0
Masala Dosa,96959,104940.0,44.36,4653382.0
Samosa,82235,102852.0,22.24,2267332.0
Bombay Cutting Tea (cutting glass),72825,102378.0,15.0,1535670.0
Indian Thali Veg Combo,98794,101694.0,50.9,5175430.0
Nescafe,81059,98612.0,15.14,1492532.0
Veg Meal,77897,81447.0,80.25,6536170.0
Tandoor Veg Combo,76348,79340.0,104.98,8333960.0
Veg Combo,59734,63081.0,61.36,3870415.0
Bun Maska,53256,59669.0,24.84,1478011.0
Veg Thali,53853,56845.0,89.99,5115965.0
Regular Cut Fruits,49590,53126.0,50.8,2701845.0
Bhel Puri,47429,49129.0,43.99,2160780.0
Indian Thali Veg,46394,47786.0,75.62,3613565.0
Medu Vada,45413,47656.0,40.65,1936910.0
Butter Milk,38985,45547.0,30.88,1406220.0
Filter Coffee,39105,45437.0,15.45,701924.0
Vada Pav,40169,44595.0,26.53,1165570.0
Choice of Eggs with Choice of Bread,38362,42674.0,50.49,2154160.0
Veg Puff,35474,40159.0,25.0,1001194.0
Indian Thali Combo Veg,38508,39708.0,51.57,2047610.0
Dahi Puri,37465,39334.0,43.11,1694744.0
Non-Veg Meal Combo,37161,38875.0,60.0,2332500.0
