counter_id,counter_name,branch_name,items_sold,counter_revenue
4,Masala 1-Mumbai,Nirlon Knowledge Park,397087,20267605.0
29,Nourish-Mumbai,Nirlon Knowledge Park,139594,20225658.0
17,Nourish-Bengaluru,Embassy Tech Village,231063,20221309.5
15,Flavours C-GF,Embassy Tech Village,332407,19507853.0
12,Steep & Brew C-GF,Embassy Tech Village,790230,18100676.0
7,Street Bites-4F,Nirlon Knowledge Park,241335,16399039.0
9,Steep & Brew-4F,Nirlon Knowledge Park,662249,16182476.0
16,Kitchen Exchange,Embassy Tech Village,194756,14574503.0
8,The Spice Bowl-4F,Nirlon Knowledge Park,164161,14247425.0
11,The Brew-Bengaluru,Embassy Tech Village,136076,13745917.0
26,Masala 2-Mumbai,Nirlon Knowledge Park,216824,13078727.0
18,Blended-Bengaluru,Embassy Tech Village,252481,12828952.0
10,World Kitchen-Mumbai,Nirlon Knowledge Park,210099,12659828.0
1,The Brew-Mumbai,Nirlon Knowledge Park,101819,12092467.0
20,Zaffran-Bengaluru,Embassy Tech Village,88997,11837015.0
14,Hearth-Bengaluru,Embassy Tech Village,92094,10594102.0
22,Flavours1 A-1F,Embassy Tech Village,106578,10190206.0
13,Dakshin C-GF,Embassy Tech Village,126216,9641533.0
57,SpiceRoute L1,Magma,143393,9370807.0
28,MANDARIN,Nirlon Knowledge Park,105435,9346654.0
19,Mandarin,Embassy Tech Village,130969,9035315.0
5,Hearth-Mumbai,Nirlon Knowledge Park,81479,8666715.0
3,Blended-Mumbai,Nirlon Knowledge Park,165309,8261788.0
27,Masala 3-Mumbai,Nirlon Knowledge Park,122762,7294530.0
30,Dakshin A-FF,Embassy Tech Village,102860,6689503.0
